Building Name,ADDRESS
DAVENPORT HALL,607 S. MATHEWS URBANA
"ART-EAST ANNEX, STUDIO 2",1301 S. GOODWIN URBANA
MCKINLEY HEALTH CENTER,1109 S. LINCOLN URBANA
HARDING BAND BUILDING,1103 S. SIXTH CHAMPAIGN
GYM ANNEX,1402 W. SPRINGFIELD URBANA
ARMORY,505 E. ARMORY CHAMPAIGN
FOELLINGER AUDITORIUM,709 S. MATHEWS URBANA
AGRICULTURAL ENGR SCIENCES BLDG,1304 W. PENNSYLVANIA URBANA
ELECTRICAL ENGR ANNEX,104  S. BURRILL AVE. URBANA
CHEMISTRY ANNEX,601 S. MATHEWS URBANA
CERAMICS KILN HOUSE,107 S. GOODWIN URBANA
NOYES LABORATORY OF CHEMISTRY,505 S. MATHEWS URBANA
TALBOT LABORATORY,104 S. WRIGHT URBANA
ICE ARENA,406 E. ARMORY CHAMPAIGN
ENGINEERING HALL,1308 W. GREEN URBANA
ELECTRICAL ENGR RES LAB,106  S. BURRILL AVE. URBANA
ADVANCED COMPUTATION BLDG,1011 W. SPRINGFIELD URBANA
"ART-EAST ANNEX, STUDIO 1",1208 PEABODY DR. URBANA
ORNAMENTAL HORTICULTURE BUILDING,1107 W. DORNER URBANA
PHYSIOLOGY RESEARCH LABORATORY,301 E. HAZELWOOD CHAMPAIGN
KENNEY GYMNASIUM,1406 W. SPRINGFIELD URBANA
"GREENHOUSE, NORTH",105  S. BURRILL AVE. URBANA
ILLINI UNION,1401 W. GREEN URBANA
NEWMARK CIVIL ENGINEERING BUILDING,205 N. MATHEWS URBANA
HARKER HALL,1305 W. GREEN URBANA
ALTGELD HALL,1409 W. GREEN URBANA
LINCOLN HALL,702 S. WRIGHT URBANA
AERONAUTICAL LABORATORY A,101 S. GOODWIN URBANA
MECHANICAL ENGINEERING LABORATORY,105 S. MATHEWS URBANA
AERO LAB B,102  S. BURRILL AVE. URBANA
DYNAMICS TESTING LABORATORY,609 E. CURTIS RD. CHAMPAIGN
NATURAL HISTORY BUILDING,1301 W. GREEN URBANA
OBSERVATORY,901 S. MATHEWS URBANA
MATERIALS SCIENCE AND ENG BLDG,1304 W. GREEN URBANA
VEGETABLE CROPS BUILDING,1103 W. DORNER URBANA
ENGINEERING RESEARCH LAB,103  S. MATHEWS AVE. URBANA
EVERITT ELEC & COMP ENGR LAB,1406 W. GREEN URBANA
FIRE STATION,1306 W. GREEN URBANA
MUSIC BUILDING,1114 W. NEVADA URBANA
STOCK PAVILION,1402 W. PENNSYLVANIA URBANA
LIBRARY,1408 W. GREGORY URBANA
TRANSPORTATION BUILDING,104 S. MATHEWS URBANA
GREGORY HALL,810 S. WRIGHT URBANA
ENGLISH BUILDING,608 S. WRIGHT URBANA
WOODSHOP & FOUNDRY,102  N. BURRILL AVE URBANA
HENRY ADMINISTRATION BUILDING,506 S. WRIGHT URBANA
HALFWAY HOUSE,S. MATHEWS AVE CHAMPAIGN
NUCLEAR RADIATION LABORATORY,201 S. GOODWIN URBANA
FILTRATION PLANT,1305  W. SPRINGFIELD URBANA
ARCHITECTURE BUILDING,608 E. LORADO TAFT CHAMPAIGN
BOTANY ANNEX & GRNHS,102  N. MATHEWS AVE. URBANA
KRANNERT CENTER FOR PERFORMING ARTS,500 S. GOODWIN URBANA
FIRE STATION GARAGE,1304 1/2 W. GREEN ST. URBANA
DAVID KINLEY HALL,1407 W. GREGORY URBANA
CERAMICS BUILDING,105 S. GOODWIN URBANA
SHELFORD VIVARIUM,606 E. HEALY CHAMPAIGN
ANIMAL GENETICS BUILDING,1301 W. LORADO TAFT URBANA
HUFF HALL,1206 S. FOURTH CHAMPAIGN
SURVEYING BUILDING,607 E. GREGORY CHAMPAIGN
SMITH MEMORIAL HALL,805 S. MATHEWS URBANA
UNIVERSITY HIGH SCHOOL,1212 W. SPRINGFIELD URBANA
CHILD DEVELOPMENT LABORATORY,1105 W. NEVADA URBANA
UNIVERSITY HIGH SCHOOL GYMNASIUM,1207 W. STOUGHTON URBANA
FREER HALL,906 S. GOODWIN URBANA
ILLINI HALL,725 S. WRIGHT CHAMPAIGN
SEITZ MATERIALS RESEARCH LAB,104 S. GOODWIN URBANA
LOOMIS LABORATORY OF PHYSICS,1110 W. GREEN ST. URBANA
HORTICULTURE FIELD LABORATORY,1707 S. ORCHARD URBANA
MUMFORD HALL,1301 W. GREGORY URBANA
CHEMICAL & LIFE SCIENCES LABORATORY,601 S. GOODWIN URBANA
STUDENT SERVICES ARCADE BUILDING,713 S. WRIGHT CHAMPAIGN
MEMORIAL STADIUM,1400 S. FIRST CHAMPAIGN
AGRICULTURAL BIOPROCESS LAB,1302 W. PENNSYLVANIA URBANA
INST GOV & PUBLIC AFFAIRS BLDG,1007 W. NEVADA URBANA
CHILDREN'S RESEARCH CENTER,51 E. GERTY CHAMPAIGN
PSYCHOLOGY LABORATORY,603 E. DANIEL CHAMPAIGN
PLANT SERVICES BUILDING-NORTHEAST,1005 W. WESTERN URBANA
SNYDER HALL,206 E. PEABODY CHAMPAIGN
SCOTT HALL,202 E. PEABODY CHAMPAIGN
WESTON HALL,204 E. PEABODY CHAMPAIGN
PEABODY FOOD SERVICE BUILDING,204 E. PEABODY CHAMPAIGN
GARNER HALL,201 E. GREGORY CHAMPAIGN
FORBES HALL,101 E. GREGORY CHAMPAIGN
HOPKINS HALL,103 E. GREGORY CHAMPAIGN
GREGORY FOOD SERVICE BUILDING,101-103 E. GREGORY CHAMPAIGN
LUNDGREN HALL,1201 S. FOURTH CHAMPAIGN
CLARK HALL,1203 S. FOURTH CHAMPAIGN
BARTON HALL,1205 S. FOURTH CHAMPAIGN
FLAGG HALL,1207 S. FOURTH CHAMPAIGN
NOBLE HALL,1209 S. FOURTH CHAMPAIGN
VAN DOREN HALL,1215 S. FOURTH CHAMPAIGN
TAFT HALL,1213 S. FOURTH CHAMPAIGN
1207 W. SPRINGFIELD,1207  W. SPRINGFIELD URBANA
ALICE CAMPBELL ALUMNI CENTER,601 S LINCOLN URBANA
SUPERCONDUCTIVITY CENTER,100 S. GOODWIN URBANA
"C-7 PARKING STRUCTURE, STUDENT STAFF",517 E. JOHN STREET CHAMPAIGN
UNIVERSITY POLICE,101  N. MATHEWS AVE. URBANA
UNDERGRADUATE LIBRARY,1402 W. GREGORY URBANA
PRESIDENT'S HOUSE,800 W. FLORIDA URBANA
BLAISDELL HALL,901 W. PENNSYLVANIA URBANA
SAUNDERS HALL,902 COLLEGE COURT URBANA
BABCOCK HALL,1002 COLLEGE COURT URBANA
CARR HALL,1001 W. PENNSYLVANIA URBANA
PENNSYLVANIA LOUNGE BUILDING,906 W. COLLEGE CT. URBANA
ILLINI UNION BOOKSTORE,807/809 S. WRIGHT CHAMPAIGN
ENVIRONMENTAL RESEARCH ANNEX,1009 W. WESTERN URBANA
COMPUTING APPLICATIONS BUILDING,605 E. SPRINGFIELD CHAMPAIGN
NATURAL RESOURCES BUILDING,607 E. PEABODY CHAMPAIGN
NUCLEAR PHYSICS LABORATORY,25 E. STADIUM DR. CHAMPAIGN
BUSEY HALL,1111 W. NEVADA URBANA
MECHANICAL ENGINEERING BUILDING,1206 W. GREEN URBANA
DAVENPORT HOUSE,807  S. WRIGHT ST. CHAMPAIGN
POMOLOGY GREENHOUSE-HORT FIELD LAB,1803 S. ORCHARD URBANA
EVANS HALL,1115 W. NEVADA URBANA
ROGER ADAMS LABORATORY,600 S. MATHEWS URBANA
NUCLEAR ENGINEERING LABORATORY,103 S. GOODWIN URBANA
ACTIVITIES & RECREATION CENTER,201 E. PEABODY CHAMPAIGN
"203 S GREGORY, URBANA",203 S. GREGORY URBANA
ABBOTT POWER PLANT,1117 S. OAK CHAMPAIGN
FSI - FIREMANSHIP TRAINING FACILITIES,11 GERTY DR. CHAMPAIGN
RADIO TRANSMITTER STATION,2520 S. FIRST ST. RD. CHAMPAIGN
NATIONAL SOYBEAN RESEARCH CENTER,1101 W. PEABODY URBANA
MUMFORD HOUSE,1403 W. LORADO TAFT URBANA
LEVIS FACULTY CENTER,919 W. ILLINOIS URBANA
GEOLOGICAL SURVEY LABORATORY,1116 S. OAK CHAMPAIGN
"810 S SIXTH, CHAMPAIGN",810 S. SIXTH CHAMPAIGN
COBLE HALL,801 S. WRIGHT CHAMPAIGN
TURNER HALL GREENHOUSES,1102 S. GOODWIN URBANA
NATURAL RESOURCES GARAGE,608 E. PENNSYLVANIA CHAMPAIGN
NATURAL HISTORY SURVEY GREENHOUSE,614 E. PENNSYLVANIA CHAMPAIGN
1201 W. CALIFORNIA,1201  W. CALIFORNIA URBANA
"STUDENT-STAFF APTS-300 S GOODWIN, U",300 S. GOODWIN URBANA
"STUDENT STAFF APTS #2- 1107 GREEN ST., U",1107 W. GREEN URBANA
BURRILL HALL,407 S. GOODWIN URBANA
"1202 W GREEN, URBANA",1202 W. GREEN URBANA
"ILLINOIS SIMULATOR LABORATORY, BECKMAN INSTITUTE",2100 S. GOODWIN URBANA
LINCOLN AVENUE RESIDENCE HALL,1005 S. LINCOLN URBANA
ALLEN RESIDENCE HALL,1005 W. GREGORY URBANA
"608 S MATHEWS, URBANA",608 S. MATHEWS URBANA
DALKEY ARCHIVE PRESS (PSSB),1805 S. WRIGHT STREET CHAMPAIGN
"1205 1/2 W NEVADA, URBANA",1205 1/2 W. NEVADA URBANA
"1205 W NEVADA, URBANA",1205 W. NEVADA URBANA
1205 W. CALIFORNIA,1205  W. CALIFORNIA URBANA
COORDINATED SCIENCE LABORATORY,1308 W. MAIN ST. URBANA
COMMERCE ANNEX,1407  W. LORADO TAFT URBANA
"1208 W SPRINGFIELD, URBANA",1208 W. SPRINGFIELD URBANA
"1204 W NEVADA, URBANA",1204 W. NEVADA URBANA
CIVIL ENGINEERING HYDROSYSTEMS LAB,205 N. MATHEWS URBANA
WAREHOUSE #1 - HYD ENGR LAB #1,100 BLOCK N. GREGORY URBANA
PERSONNEL SERVICES BUILDING,52 E. GREGORY CHAMPAIGN
VOLATILE CHEMICAL STORAGE BLDG,505 S. GOODWIN URBANA
LAW BUILDING,504 E. PENNSYLVANIA AVE. CHAMPAIGN
AFRICAN AMERICAN STUDIES,1201 W. NEVADA URBANA
BEVIER HALL,905 W. GOODWIN URBANA
WOHLERS HALL,1206 S. SIXTH CHAMPAIGN
EDUCATION BUILDING,1310 S. SIXTH ST. CHAMPAIGN
"1401 S MARYLAND, URBANA",1401 S. MARYLAND URBANA
ENGINEERING SENIOR DESIGN LAB,1013 W. WESTERN URBANA
PLANT SERVICES STORAGE BUILDING,1015 W. WESTERN URBANA
STRUCTURAL WAREHOUSE,1017 W. WESTERN URBANA
ANIMAL SCIENCES LABORATORY,1207 W. GREGORY URBANA
STATE FARM CENTER,1800 S. FIRST CHAMPAIGN
COLONEL WOLFE SCHOOL,403 E. HEALY CHAMPAIGN
"1005 W NEVADA, URBANA",1005 W. NEVADA URBANA
BURNSIDES RESEARCH LABORATORY,1208 W. PENNSYLVANIA URBANA
CENTRAL RECEIVING BUILDING,1609 S. OAK CHAMPAIGN
MEAT SCIENCE LABORATORY,1503 S. MARYLAND URBANA
FOREIGN LANGUAGES BUILDING,707 S. MATHEWS URBANA
AFRICAN AMERICAN CULTURE CENTER,708 S. MATHEWS URBANA
ENGINEERING SCIENCES BUILDING,1101 W. SPRINGFIELD URBANA
1009 W. NEVADA,1009  W. NEVADA URBANA
REHABILITATION EDUCATION CENTER,1207 S. OAK CHAMPAIGN
1204 W. OREGON,1204  W. OREGON URBANA
"MAILING CENTER-1611 S OAK, CHAMPAIGN",1611 S. OAK CHAMPAIGN
"ILLINI GROVE, SEWARD STALEY",905 W. PENNSYLVANIA URBANA
STU-STAFF AIR CONDITIONING CENTER,1109 W. GREEN URBANA
DANIELS HALL,1010 W. GREEN URBANA
NUCLEAR REACTOR LABORATORY,102 S. GOODWIN URBANA
WOOD ENGINEERING LABORATORY,1305 S. GOODWIN URBANA
1208 WEST NEVADA,1208 W. NEVADA URBANA
H P GAS REGULATING & REDUCING STA,1207 W. WESTERN URBANA
1116 W. ILLINOIS,1116  W. ILLINOIS URBANA
ENTOMOLOGY LABORATORY,1902 S. GRIFFITH DR. CHAMPAIGN
FRED TURNER STUDENT SERVICES BLDG,610 E. JOHN CHAMPAIGN
MEDICAL SCIENCES BUILDING,506 S. MATHEWS URBANA
SWANLUND ADMINISTRATION BUILDING,601 E. JOHN CHAMPAIGN
USDA NEMATOLOGY GREENHOUSE,1105 W. DONNER URBANA
"1203 W NEVADA, URBANA",1203 W. NEVADA URBANA
OPTICAL PHYSICS AND ENGINEERING BLDG,607 E. HEALY CHAMPAIGN
TURNER HALL,1102 S. GOODWIN URBANA
PHYSICAL PLANT SERVICE BUILDING,1501 S. OAK CHAMPAIGN
"1001 W NEVADA, URBANA",1001 W. NEVADA URBANA
1007 W. NEVADA,1007  W. NEVADA URBANA
GARAGE AND CAR POOL,1701 S. OAK ST. CHAMPAIGN
HORTICULTURE FIELD LAB STEEL BLDG,1801 S. ORCHARD URBANA
605 S. GOODWIN,605  S. GOODWIN URBANA
HYDROGEN LIQUEFIER BUILDING,1301 S. OAK CHAMPAIGN
"1203 W OREGON, URBANA",1203 W. OREGON URBANA
ILLINOIS SUSTAINABILITY TECHNOLOGY CNTR,19 E. HAZELWOOD DR. CHAMPAIGN
"1203 1/2 W NEVADA, URBANA",1203 1/2 W. NEVADA URBANA
ATMOSPHERIC SCIENCES BUILDING,105 S. GREGORY STREET URBANA
SPEECH AND HEARING SCIENCE,901 S. SIXTH CHAMPAIGN
DIGITAL COMPUTER LABORATORY,1304 W. SPRINGFIELD URBANA
1203 W. CALIFORNIA,1203  W. CALIFORNIA URBANA
1202 W. CALIFORNIA,1202  W. CALIFORNIA URBANA
ENVIRON HEALTH & SAFETY BLDG,101 S. GREGORY AVE. URBANA
"911 S SIXTH, CHAMPAIGN",911 S. SIXTH CHAMPAIGN
"909 S SIXTH, CHAMPAIGN",909 S. SIXTH CHAMPAIGN
POST OFFICE AND SNACK BAR -IL ORANGE,301 E. GREGORY CHAMPAIGN
HOUSING FOOD STORES,1321 S. OAK CHAMPAIGN
SCHOOL OF LABOR & EMPLOYMENT RELATIONS,504 E. ARMORY CHAMPAIGN
ART AND DESIGN BUILDING,408 E. PEABODY CHAMPAIGN
KRANNERT ART MUSEUM,500 E. PEABODY CHAMPAIGN
"805 W PENNSYLVANIA, URBANA",805 W. PENNSYLVANIA URBANA
PRINTING & PHOTOGRAPHIC SERV BLDG,54 E. GREGORY CHAMPAIGN
1207 W. STOUGHTON,1207  W. STOUGHTON URBANA
"1205 W OREGON, URBANA",1205 W. OREGON URBANA
1006 W. OREGON,1006  W. OREGON URBANA
"59 E ARMORY, CHAMPAIGN",59 E. ARMORY CHAMPAIGN
ORCHARD PLACE APARTMENTS,1800  S. ORCHARD URBANA
BECKMAN INSTITUTE,405 N. MATHEWS URBANA
"55 E ARMORY, CHAMPAIGN",55 E. ARMORY CHAMPAIGN
ORCHARD DOWNS LAUNDRY - NORTH,1900 S. ORCHARD URBANA
602 E. GREEN,602 E. GREEN CHAMPAIGN
NORTH CAMPUS CHILLER PLANT,305 N. MATHEWS AVE. URBANA
HOUSING MAINTENANCE SHOP,511 N. HAZELWOOD DRIVE URBANA
ARMORY AVENUE WAREHOUSE,24 E. ARMORY CHAMPAIGN
"512 E CHALMERS, CHAMPAIGN",512 E. CHALMERS CHAMPAIGN
ORCHARD DOWNS LAUNDRY - SOUTH,2054 S. ORCHARD URBANA
MICRO AND NANOTECHNOLOGY LABORATORY,208 N. WRIGHT ST. URBANA
"1207 W OREGON, URBANA",1207 W. OREGON URBANA
VET MED RESEARCH BLDG,1608  S. MARYLAND URBANA
ORCHARD DOWNS APARTMENTS,1900  S. ORCHARD (1900-2200 S. ORCH) URBANA
TELEVISION BLDG,302  N. GOODWIN URBANA
MORRILL HALL,505 S. GOODWIN URBANA
"508 S SIXTH, CHAMPAIGN",508 S. SIXTH CHAMPAIGN
UNIVERSAL WASTE SYSTEM BUILDING,1409 S. OAK CHAMPAIGN
"205 S GOODWIN, URBANA",205 S. GOODWIN URBANA
710 S. GOODWIN,710  S. GOODWIN URBANA
"625 S. WRIGHT- suite 103, 201",625 S. WRIGHT ST. CHAMPAIGN
ORCHARD PLACE,S. ORCHARD URBANA
ORCHARD DOWNS COMMUNITY BUILDING,509 W. GEORGE HUFF COURT URBANA
"912 S FIFTH, CHAMPAIGN",912 S. FIFTH CHAMPAIGN
PRINTING SERVICES BUILDING,54  E. GREGORY DR. CHAMPAIGN
HOUSING WAREHOUSE,511 W. HAZELWOOD DRIVE URBANA
907 W. ILLINOIS,907  W. ILLINOIS URBANA
901 W. ILLINOIS,901  W. ILLINOIS URBANA
UNIVERSITY PRESS BUILDING,1325 S. OAK CHAMPAIGN
PLANT SCIENCES LABORATORY,1201 S. DORNER DRIVE URBANA
RICHARD T. UBBEN BASKETBALL COMPLEX,1750 S. FOURTH ST. CHAMPAIGN
"909 W NEVADA, URBANA",909 W. NEVADA URBANA
FORESTRY GREENHOUSE,1807  S. ORCHARD URBANA
ORCHARD SOUTH APARTMENTS,S. ORCHARD URBANA
"510 E CHALMERS, CHAMPAIGN",510 E. CHALMERS CHAMPAIGN
"57 E ARMORY, CHAMPAIGN",57 E. ARMORY CHAMPAIGN
602 S. SIXTH ST.,602  S. SIXTH ST. CHAMPAIGN
1110 W. MAIN,1110  W. MAIN URBANA
"408 S GOODWIN, URBANA",408 S. GOODWIN URBANA
DANCE STUDIO,905 W. NEVADA URBANA
WASTE TRANSFER & MAT. RECOVERY FACILITY,10 ST. MARY'S ROAD CHAMPAIGN
1210 W. CALIFORNIA,1210  W. CALIFORNIA URBANA
WARDALL HALL - ISRH - WOMEN'S BLDG,1012 W. ILLINOIS ST. URBANA
TOWNSEND HALL - ISRH - MEN'S BLDG,918 W. ILLINOIS ST. URBANA
LOUNGE BUILDING - ISRH,1010 W. ILLINOIS ST. URBANA
FOOD SERVICE BUILDING - ISRH,1010 W. ILLINOIS ST. URBANA
LIBRARY AIR CONDITIONING CENTER CHILLER PLANT,608 E. GREGORY DRIVE CHAMPAIGN
POLICE TRAINING INSTITUTE - TACTICAL,609 1/2 E. CURTIS CHAMPAIGN
"1210 W SPRINGFIELD, URBANA",1210 W. SPRINGFIELD URBANA
"51 E ARMORY, CHAMPAIGN",51 E. ARMORY CHAMPAIGN
"CREDIT UNION BUILDING, UOFI EMPLOYEE",2201 S. FIRST ST. CHAMPAIGN
ADMIN INFORMATION TECHNOLOGY BLDG,50 E. GERTY CHAMPAIGN
STATE REGIONAL OFFICE BUILDING,2125 S. FIRST CHAMPAIGN
DRIVER TRAINING FACILITY,8 E. GERTY CHAMPAIGN
"912 W ILLINOIS, URBANA",912 W. ILLINOIS URBANA
907 W. NEVADA,907  W. NEVADA ST. URBANA
CLINICAL SKILLS LEARNING CENTER,1102 W. HAZELWOOD URBANA
PHYSICS RESEARCH LAB STORAGE BLDG,301 E. HAZELWOOD CHAMPAIGN
WATER SURVEY RESEARCH CENTER #2,30 BAILEY DR. CHAMPAIGN
FSI - FIRE STATION,GERTY DR. CHAMPAIGN
SHERMAN HALL - SINGLE GRAD HOUSING,909 S. FIFTH CHAMPAIGN
VETERINARY TEACHING HOSPITAL,1008 W HAZELWOOD DR. URBANA
FSI - CLASSROOM/OFF,11 GERTY DR. CHAMPAIGN
TRELEASE HALL - FARH - WOMEN'S BLDG,901 COLLEGE COURT URBANA
OGLESBY HALL - FARH - MEN'S BLDG,1005 COLLEGE COURT URBANA
FOOD SERVICE BUILDING - FARH,1001 COLLEGE COURT URBANA
PHYSICAL PLANT STORAGE BUILDING 'A',1501 S. OAK CHAMPAIGN
POLICE TRAINING INSTITUTE STORAGE,609 1/2 E. CURTIS CHAMPAIGN
ASTRONOMY BUILDING,1002 W. GREEN URBANA
CERL-MAIN BUILDING 1,2902 NEWMARK DR. CHAMPAIGN
DRIVER TRAINING SITE STORAGE BLDG,6 E. GERTY CHAMPAIGN
PLAY FIELD SERVICE BUILDING,1006 W. ST. MARYS RD. URBANA
TRACK STADIUM,1615 S. WRIGHT ST. CHAMPAIGN
CLAY HYDROLOGY LABORATORY,1835 S. OAK ST. CHAMPAIGN
BUILDING RESEARCH COUNCIL BUILDING,1 E. ST. MARYS RD. CHAMPAIGN
BIOLOGICAL CONTROL LABORATORY,1904 S. GRIFFITH DR. CHAMPAIGN
1208 W. CALIFORNIA,1208  W. CALIFORNIA URBANA
NATURAL HISTORY SURVEY STORAGE B #4,1823 S. OAK ST. CHAMPAIGN
301 S. WRIGHT,301  S. WRIGHT ST. CHAMPAIGN
NATURAL HISTORY SURVEY STORAGE B #3,1833 S. OAK ST. CHAMPAIGN
NATURAL HISTORY SURVEY STORAGE B #2,1831 S. OAK ST. CHAMPAIGN
NATURAL HISTORY SURVEY STORAGE B #1,1821 S. OAK ST. CHAMPAIGN
BUILDING RESEARCH COUNCIL LABORATORY,1800 S. GRIFFITH CHAMPAIGN
SHOP AND EQUIPMENT BUILDING,1825 S. OAK ST. CHAMPAIGN
ILLINOIS FIELD PRESS BOX,FLORIDA AVENUE AND WRIGHT STREET URBANA
TV ANNEX,1108  W. MAIN URBANA
ENGINEERING SENIOR DESIGN LAB ANNEX,1011 W. WESTERN URBANA
NATURAL RESOURCE STUDIES ANNEX,1910 GRIFFITH DR. CHAMPAIGN
AQUATIC RESEARCH FIELD LABORATORY,51 E. HAZELWOOD DRIVE URBANA
PUBLIC SAFETY BUILDING,1110 W. SPRINGFIELD URBANA
GRAINGER ENGINEERING LIBRARY INFORMATION CENTER,1301 W. SPRINGFIELD URBANA
NATURAL HISTORY SURVEY STORAGE B #5,1817 S. OAK ST. CHAMPAIGN
AGRICULTURE SERVICES BUILDING,1917 S. WRIGHT CHAMPAIGN
SOUTH STUDIO 2 (SCULPTURE BUILDING),2122 GRIFFITH DR. CHAMPAIGN
SOUTH STUDIO 1 (ART STUDIO),2128 GRIFFITH DR. CHAMPAIGN
AGRICULTURE SERVICES WAREHOUSE,1919 S. WRIGHT CHAMPAIGN
ILLINOIS STATE ARCHAEOLOGICAL SURVEY REPOSITORY,2127 S. GRIFFITH DR. CHAMPAIGN
LIBRARY AND INFORMATION SCIENCE BLDG,501 E. DANIEL ST. CHAMPAIGN
ERLANGER HOUSE,303 W INDIANA URBANA
912 1/2 W. ILLINOIS,912 1/2 W. ILLINOIS URBANA
BECKWITH HALL,201 E. JOHN CHAMPAIGN
"MADIGAN LABORATORY, EDWARD R",1201 W. GREGORY DR. URBANA
PALEOBOTANICAL BUILDING,2115 GRIFFITH DR. CHAMPAIGN
SOUTH STUDIO 3 (GLASS SCULPTURE BUILDING,2116 GRIFFITH DR. CHAMPAIGN
TEMPLE HOYNE BUELL HALL,1400 W. PEABODY DR. CHAMPAIGN
902 W. CALIFORNIA,902  W. CALIFORNIA URBANA
VET MED FEED STORAGE BUILDING,2105 S. LINCOLN URBANA
TELECOMMUNICATIONS NODE #1,1211 W. WESTERN URBANA
BUILDING RESEARCH LABORATORY,1806 GRIFFITH DR. CHAMPAIGN
"1009 W SPRINGFIELD, URBANA",1009 W. SPRINGFIELD AVE. URBANA
501 S. WRIGHT,501  S. WRIGHT ST. CHAMPAIGN
MOTORCYCLE SAFETY OFFICE,4 GERTY DR. CHAMPAIGN
VET MED BASIC SCIENCES BUILDING,2001 S. LINCOLN URBANA
VETERINARY MEDICINE CHILLER PLANT,2004 S. LINCOLN URBANA
505 E GREEN,505 E. GREEN CHAMPAIGN
JAPAN HOUSE,2000 S. LINCOLN URBANA
TOWER ON 3RD,302 E. JOHN CHAMPAIGN
"1004 S FOURTH, C-POLICE TRAINING INS",1004 S. FOURTH ST. CHAMPAIGN
"1400 W PARK, URBANA - CLINICAL MED",1400 W. PARK URBANA
ATKINS TENNIS CENTER,1800 S. WRIGHT URBANA
"510 E DANIEL, CHAMPAIGN",510 E. DANIEL CHAMPAIGN
606 S. GREGORY,606  S. GREGORY ST. URBANA
CAMPUS RECREATION CENTER - EAST,1102 W. GREGORY DR. URBANA
"907 1/2 W NEVADA, URBANA",907 1/2 W. NEVADA URBANA
SOUTH STUDIO 4 (CERAMICS FACILITY),2110 GRIFFITH DR. CHAMPAIGN
"901 W OREGON, URBANA",901 W. OREGON URBANA
1307 W. PARK,1307  W. PARK URBANA
INTERNATIONAL STUDIES BUILDING,910 S. FIFTH ST. CHAMPAIGN
SOUTH STUDIO 5 (GRADUATE PHOTOGRAPHY),2108 GRIFFITH DR. CHAMPAIGN
SOUTH STUDIO 7 (GENERAL ARTS BUILDING),2111 GRIFFITH DR. CHAMPAIGN
SPECIAL MATERIALS STORAGE FACILITY,3 HAZELWOOD DR. CHAMPAIGN
SPURLOCK MUSEUM,600 S. GREGORY ST. URBANA
HARTLEY GARDENS,1800  S. LINCOLN URBANA
SOUTH STUDIO 6 (GRADUATE PAINTING FAC.),2109 GRIFFITH DR. CHAMPAIGN
CAMPBELL HALL,300 GOODWIN URBANA
"ACES LIBRARY, INFO. & ALUMNI CENTER",1101 S GOODWIN URBANA
ADMISSIONS AND RECORDS BUILDING,901 W. ILLINOIS URBANA
BIELFELDT ATHLETIC ADMINISTRATION BL,1700 S. FOURTH ST. CHAMPAIGN
CAMPUS RECREATION OUTDOOR CENTER,51 E. GREGORY DR. CHAMPAIGN
IRWIN ACADEMIC SERVICE CENTER,402 E. ARMORY CHAMPAIGN
MATHEWS AVE SEWAGE LIFT STATION,N. MATHEWS AVE. URBANA
SELF-SERVICE POSTAL STATION,1208 W. GREGORY DR. URBANA
ORCHARD DOWNS SEWAGE LIFT STATION,1108 GERTY DR. URBANA
FUEL OIL STORAGE TANKS,1717  S OAK STREET CHAMPAIGN
PHYSICAL PLANT STRG SALT SHED,1501  S OAK STREET CHAMPAIGN
SOILS MODEL TEST FACILITY - SCHNABEL,1412 INTERSTATE DRIVE CHAMPAIGN
ANIMAL SCIENCE CHILLER PLANT,1201 W. GREGORY DR. CHAMPAIGN
MORROW PLOTS,1400  W. GREGORY DR. URBANA
IRWIN INDOOR FOOTBALL FACILITY,301 E. PEABODY DR. CHAMPAIGN
RECEIVER & MICROWAVE STRUCTR,1108  W. MAIN STREET URBANA
ELECTRICAL AND COMPUTER ENGINEERING,306 N. WRIGHT ST. URBANA
604 S. GREGORY ST.,604  S. GREGORY ST. URBANA
"1109 W MAIN, URBANA",1109 W. MAIN URBANA
1002 W. NEVADA,1002  W. NEVADA ST. URBANA
"909 W OREGON, URBANA",909 W. OREGON URBANA
"1817 &1819 S. NEIL ST, CHAMPAIGN",1819 S. NEIL ST CHAMPAIGN
1208 W. STOUGHTON,1208  W. STOUGHTON URBANA
"501 S. SIXTH, CHAMPAIGN",501 S. SIXTH CHAMPAIGN
1208 1/2 W. MAIN,1208 1/2 W. MAIN URBANA
1212 W. STOUGHTON,1212  W. STOUGHTON URBANA
ENGINEERING ANNEX,1011 W. WESTERN URBANA
1113 W. MAIN,1113  W. MAIN URBANA
"710 W. PARK, URBANA",710 W. PARK URBANA
1108 W. SPRINGFIELD,1108  W. SPRINGFIELD URBANA
"502 E JOHN, CHAMPAIGN",502 E JOHN CHAMPAIGN
201 W. SPRINGFIELD,201  W. SPRINGFIELD CHAMPAIGN
1114 W. SPRINGFIELD,1114  W. SPRINGFIELD URBANA
112 W. MAIN,112  W. MAIN URBANA
"201 W. CURTIS, SUITE 1",513 W. CURTIS RD. CHAMPAIGN
"1114 W CLARK, URBANA",1114 W. CLARK ST. URBANA
1104 W. MAIN,1104  W. MAIN URBANA
1110 W. SPRINGFIELD,1110  W. SPRINGFIELD URBANA
123 W. MAIN,123  W. MAIN URBANA
631 E. GREEN_703 S. WRIGHT_709 S. WRIGHT,703 S. WRIGHT CHAMPAIGN
ASSEMBLY HALL STORAGE BLDG,1800  S. FIRST CHAMPAIGN
DURST BUILDING - 1112 W. UNIVERSITY,1112 W. UNIVERSITY URBANA
"2212 FOX DRIVE, CHAMPAIGN",2212 FOX DRIVE CHAMPAIGN
"1107 S FOURTH, CHAMPAIGN",1107 S FOURTH CHAMPAIGN
"704 S. SIXTH, CHAMPAIGN",704 S. SIXTH CHAMPAIGN
"322 S. GREEN, CHAMPAIGN",322 S. GREEN CHAMPAIGN
"111 E. CHALMERS, CHAMPAIGN",111 E. CHALMERS CHAMPAIGN
"106 E. DANIEL, CHAMPAIGN",106 E. DANIEL CHAMPAIGN
"58 E. JOHN, CHAMPAIGN",58 E. JOHN CHAMPAIGN
"309 E. HEALY, CHAMPAIGN",309 E. HEALY CHAMPAIGN
"2301 FOX DRIVE, CHAMPAIGN",2301 FOX DRIVE CHAMPAIGN
1602 E. UNIVERSITY,1602  E. UNIVERSITY URBANA
709 W. UNIVERSITY,709 W. UNIVERSITY URBANA
510 DEVONSHIRE,510 DEVONSHIRE CHAMPAIGN
GETZ HALL - PHILLIPS TRACT,1735 N 1700 E(COTTONWOOD RD) URBANA
RICHMOND STUDIO,1110 W. MAIN URBANA
"401 E. JOHN, CHAMPAIGN",401  E JOHN CHAMPAIGN
FIRE SUB STATION,1105 W. GREGORY DR. URBANA
F-29 PARKING DECK,"1001 S. DORNER DR., URBANA"
NEWTON HOUSE,NULL CHAMPAIGN
111 E. GREEN STREET,111 E. GREEN STREET CHAMPAIGN
EICHELBERGER FIELD AND PRESS BOX,1201 W. FLORIDA AVE. URBANA
NORTH ANNEX,408  S. THIRD CHAMPAIGN
4110 S. FIRST STREET,4110  S. FIRST STREET CHAMPAIGN
SIEBEL CENTER FOR COMPUTER SCIENCE,201 N. GOODWIN AVENUE URBANA
NAT CENTER FOR SUPERCOMP APPL,1205 W. CLARK ST. URBANA
CARLE FORUM,611 W. PARK URBANA
709 S. WRIGHT,709  S WRIGHT STREET CHAMPAIGN
1008 W. UNIVERSITY,1008  W UNIVERSITY AVENUE URBANA
1206 W. NEVADA,1206 W. NEVADA URBANA
2321 SOUTH FIRST STREET,2321  S. FIRST STREET CHAMPAIGN
2323/2325 SOUTH FIRST STREET,2323  S. FIRST STREET CHAMPAIGN
100 TRADE CENTER,100 TRADE CENTER DRIVE CHAMPAIGN
106 E. DANIEL,106 E DANIEL CHAMPAIGN
200 BLISS DR.,200   BLISS DR. URBANA
201 BLISS DR.,201   BLISS DR. URBANA
202 BLISS DR.,202   BLISS DR. URBANA
203 BLISS DR.,203   BLISS DR. URBANA
204 BLISS DR.,204   BLISS DR. URBANA
205 BLISS DR.,205   BLISS DR. URBANA
206 BLISS DR.,206   BLISS DR. URBANA
207 BLISS DR.,207   BLISS DR. URBANA
208 BLISS DR.,208   BLISS DR. URBANA
209 BLISS DR.,209   BLISS DR. URBANA
210 BLISS DR.,210   BLISS DR. URBANA
211 BLISS DR.,211   BLISS DR. URBANA
300 BLISS DR.,300   BLISS DR. URBANA
301 BLISS DR.,301   BLISS DR. URBANA
302 BLISS DR.,302   BLISS DR. URBANA
303 BLISS DR.,303   BLISS DR. URBANA
304 BLISS DR.,304   BLISS DR. URBANA
305 BLISS DR.,305   BLISS DR. URBANA
306 BLISS DR.,306   BLISS DR. URBANA
307 BLISS DR.,307   BLISS DR. URBANA
1800 CARLE DR.,1800   CARLE DR. URBANA
"1801 CARLE DRIVE, URBANA",1801 CARLE DRIVE URBANA
1802 CARLE DR.,1802   CARLE DR. URBANA
1803 CARLE DR.,1803   CARLE DR. URBANA
1804 CARLE DR.,1804   CARLE DR. URBANA
"1805 CARLE DRIVE, URBANA",1805 CARLE DRIVE URBANA
1806 CARLE DR.,1806   CARLE DR. URBANA
"1807 CARLE DRIVE, URBANA",1807 CARLE DRIVE URBANA
"1809 CARLE DRIVE, URBANA",1809 CARLE DRIVE URBANA
"1811 CARLE DRIVE, URBANA",1811 CARLE DRIVE URBANA
ORCHARD PLACE APARTMENTS,1801-02 ORCHARD URBANA
ORCHARD PLACE APARTMENTS,1803-04 ORCHARD URBANA
ORCHARD PLACE APARTMENTS,1805-06 ORCHARD URBANA
ORCHARD PLACE APARTMENTS,1807-08 ORCHARD URBANA
ORCHARD PLACE APARTMENTS,1809-10-11-12 ORCHARD URBANA
ORCHARD PLACE APARTMENTS,1813-14 ORCHARD URBANA
ORCHARD PLACE APARTMENTS,1815-16-17-18 ORCHARD URBANA
ORCHARD PLACE APARTMENTS,1819-20 ORCHARD URBANA
ORCHARD PLACE APARTMENTS,1821-22-23-24 ORCHARD URBANA
ORCHARD PLACE APARTMENTS,1825-26 ORCHARD URBANA
ORCHARD PLACE APARTMENTS,1827-28 ORCHARD URBANA
ORCHARD PLACE APARTMENTS,1829-30 ORCHARD URBANA
ORCHARD PLACE APARTMENTS,1831-32 ORCHARD URBANA
ORCHARD PLACE APARTMENTS,1833-34 ORCHARD URBANA
ORCHARD PLACE APARTMENTS,1835-36 ORCHARD URBANA
ORCHARD PLACE APARTMENTS,1837-38 ORCHARD URBANA
FAMILY HOUSING OFFICE,1841 ORCHARD URBANA
ORCHARD DOWNS APARTMENTS,1902-04-06 ORCHARD URBANA
ORCHARD DOWNS APARTMENTS,1910-12-14-16 ORCHARD URBANA
ORCHARD DOWNS APARTMENTS,1920-22-24 ORCHARD URBANA
ORCHARD DOWNS APARTMENTS,1930-32-34 ORCHARD URBANA
ORCHARD DOWNS APARTMENTS,1940-42-44 ORCHARD URBANA
ORCHARD DOWNS APARTMENTS,1950-52-54-56 ORCHARD URBANA
ORCHARD DOWNS APARTMENTS,1960-62 ORCHARD URBANA
ORCHARD DOWNS APARTMENTS,1961-63-65 ORCHARD URBANA
ORCHARD DOWNS APARTMENTS,1970-72-76 ORCHARD URBANA
ORCHARD DOWNS APARTMENTS,1971-73-75-77 ORCHARD URBANA
ORCHARD DOWNS APARTMENTS,2001-03-05 ORCHARD URBANA
ORCHARD DOWNS APARTMENTS,2002-04-06 ORCHARD URBANA
ORCHARD DOWNS APARTMENTS,2008-09 HAZELWOOD URBANA
ORCHARD DOWNS APARTMENTS,2010-12-14-16 ORCHARD URBANA
ORCHARD DOWNS APARTMENTS,2011-13-15-17 ORCHARD URBANA
ORCHARD DOWNS APARTMENTS,2020-22-24 ORCHARD URBANA
ORCHARD DOWNS APARTMENTS,2021-23-25 ORCHARD URBANA
ORCHARD DOWNS APARTMENTS,2027-28-29 HAZELWOOD URBANA
ORCHARD DOWNS APARTMENTS,2030-32-34 ORCHARD URBANA
ORCHARD DOWNS APARTMENTS,2031-33-35-37 ORCHARD URBANA
ORCHARD DOWNS APARTMENTS,2038-39 HAZELWOOD URBANA
ORCHARD DOWNS APARTMENTS,2040-42-44 ORCHARD URBANA
ORCHARD DOWNS APARTMENTS,2047-48-49 HAZELWOOD URBANA
ORCHARD DOWNS APARTMENTS,2051-53 ORCHARD URBANA
ORCHARD DOWNS APARTMENTS,2055-57-59 ORCHARD URBANA
ORCHARD DOWNS APARTMENTS,2060-62-64 ORCHARD URBANA
ORCHARD DOWNS APARTMENTS,2061-63-65 ORCHARD URBANA
ORCHARD DOWNS APARTMENTS,2067-68-69 HAZELWOOD URBANA
ORCHARD DOWNS APARTMENTS,2070-72-74 ORCHARD URBANA
ORCHARD DOWNS APARTMENTS,2071-73-75 ORCHARD URBANA
ORCHARD DOWNS APARTMENTS,2077-78-79 HAZELWOOD URBANA
ORCHARD DOWNS APARTMENTS,2080-82-84 ORCHARD URBANA
ORCHARD DOWNS APARTMENTS,2081-83-85-87 ORCHARD URBANA
ORCHARD SOUTH APARTMENTS,2101 HAZELWOOD URBANA
ORCHARD SOUTH APARTMENTS,2102 S. ORCHARD URBANA
ORCHARD SOUTH APARTMENTS,2103 HAZELWOOD URBANA
ORCHARD SOUTH APARTMENTS,2104 S. ORCHARD URBANA
ORCHARD SOUTH APARTMENTS,2105 HAZELWOOD URBANA
ORCHARD SOUTH APARTMENTS,2106 S. ORCHARD URBANA
ORCHARD SOUTH APARTMENTS,2107 HAZELWOOD URBANA
ORCHARD SOUTH APARTMENTS,2108 S. ORCHARD URBANA
ORCHARD SOUTH APARTMENTS,2109 HAZELWOOD URBANA
ORCHARD SOUTH APARTMENTS,2110 S. ORCHARD URBANA
ORCHARD SOUTH APARTMENTS,2111 HAZELWOOD URBANA
AN HUSB HEDDEN HOUSE,7  E. ST. MARY'S RD. CHAMPAIGN
ANIMAL HUSBANDRY HEDDEN BARN,7 W. ST. MARY'S RD. CHAMPAIGN
PIG NURSERY - NORTH,S. FIRST ST. CHAMPAIGN
ANIMAL HUSBANDRY SWN BRN - HEDDEN,1901 S. FIRST ST. CHAMPAIGN
AN HUSB EXPR SWINE FEED SHED,S. FIRST CHAMPAIGN
FARROWING BUILDING - SWINE RES CTR,3502 S. FIRST ST. CHAMPAIGN
SOW FEEDING BUILDING - SWINE RES CTR,3502 S. FIRST ST. CHAMPAIGN
FEED & VITAMIN MIXING BARN,S. FIRST CHAMPAIGN
ANIMAL HUSBANDRY SHEEP MET BLDG,E. ST. MARY'S RD. CHAMPAIGN
INDIVIDUAL FEEDING BARN,E. ST. MARY'S RD. CHAMPAIGN
ANIMAL HUSBANDRY SHEEP BARNS,201 E. ST. MARY'S RD. CHAMPAIGN
FEED MIXING AND SHEEP BARN,E. ST. MARY'S RD. CHAMPAIGN
PIG NURSERY - SOUTH,S. FIRST CHAMPAIGN
SWINE BARN,S. FIRST CHAMPAIGN
FEED STORAGE PLANT,E. ST. MARY'S RD. CHAMPAIGN
CONCRETE BLOCK FEED STORAGE,E. ST. MARY'S RD. CHAMPAIGN
SWINE RESEARCH CENTER STORAGE,S. FIRST ST. CHAMPAIGN
HOG AND CATTLE WEIGHING SHED,E. ST. MARY'S RD. CHAMPAIGN
CALF BARN,E. ST. MARY'S RD. CHAMPAIGN
ANIMAL HUSBANDRY CATTLE FEEDING PLT,E. ST. MARY'S RD. CHAMPAIGN
SCALE HOUSE,E. ST. MARY'S RD. CHAMPAIGN
GARAGE,E. ST. MARY'S RD. CHAMPAIGN
FEED MIXING SHED,E. ST. MARY'S RD. CHAMPAIGN
AGRONOMY SOUTH FARMS LAB,2102 S. WRIGHT URBANA
NURSERY BUILDING-SWINE RES CTR,3502 S. FIRST ST. CHAMPAIGN
CONFINEMENT BEEF UNIT,E. ST. MARY'S RD. CHAMPAIGN
SWINE FINISH. FAC.-SWINE RES,3502  S. FIRST CHAMPAIGN
ANIMAL SCI SHOP & STOR-HORSE FARM,1810 S. FOURTH ST. CHAMPAIGN
POLE FRAME HORSE BARN,E. ST. MARY'S RD. CHAMPAIGN
SHEEP SHELTER,E. ST. MARY'S RD. CHAMPAIGN
ANIMAL SCIENCE K40 FACILITY,501 E. ST. MARY'S RD. CHAMPAIGN
ANIMAL SCI RUMINANT METABOLISM UNIT,E. ST. MARY'S RD. CHAMPAIGN
ANIMAL SCI FARM EQUIPMENT STOR UNIT,601 E. ST. MARY'S RD. CHAMPAIGN
ANIMAL SCI ISOLATION UNIT,E. ST. MARY'S RD. CHAMPAIGN
SWINE PROGENY TEST FACILITY,1811 S. FIRST ST. CHAMPAIGN
EQUINE RESEARCH BARN,517 E. ST. MARY'S RD. CHAMPAIGN
PESTICIDE STORAGE,W. HAZELWOOD DR. URBANA
MACHINERY STORAGE BLDG-AGRON FARM,W. HAZELWOOD DR. URBANA
MACHINERY & EQUIP STOR SHED - AGRON,W. HAZELWOOD DR. URBANA
AGRONOMY DEPARTMENT BARN,W. HAZELWOOD DR. URBANA
IMPLEMENT SHED WEST OF SEEDHOUSE,W. HAZELWOOD DR. URBANA
AGRONOMY SEED HOUSE,2102 S. WRIGHT ST. CHAMPAIGN
AGRONOMY DRYING SHED,W. HAZELWOOD DR. URBANA
SHEET METAL BARN,W. HAZELWOOD DR. URBANA
SHEET METAL BARN - USDA,W. HAZELWOOD DR. URBANA
SHEET METAL BARN - SSSS - AGRONOMY,W. HAZELWOOD DR. URBANA
SHEET METAL BARN - WEED LAB - USDA,W. HAZELWOOD DR. URBANA
SHEET METAL BARN - AGRONOMY,W. HAZELWOOD DR. URBANA
SOIL PHYSICS BUILDING - USDA,1310 W. HAZELWOOD DRL. URBANA
RAIN DROP TOWER BUILDING - AGRONOMY,W. HAZELWOOD DR. URBANA
GRAIN DRYING BUILDING - AGRONOMY,W. HAZELWOOD DR. URBANA
USDA GROWTH CHAMBER BUILDING,W. HAZELWOOD DR. URBANA
MACHINE STORAGE BUILDING,W. HAZELWOOD DR. URBANA
DAIRY EXPERIMENTAL ROUND BARNS,1201 W. ST. MARY'S RD. URBANA
DAIRY EXPERIMENTAL ROUND BARNS,1201 W. ST. MARY'S RD. URBANA
DAIRY EXPERIMENTAL ROUND BARNS,1201 W. ST. MARY'S RD. URBANA
"1101 WEST ST MARY'S ROAD, U",1101 W. ST. MARY'S RD. URBANA
CROP SCIENCE RESEARCH & EDUC. CTR.,2008 S. WRIGHT ST. URBANA
NEW CALF BARN - ROUND BARNS,1201 W. GOODWIN AVE. URBANA
BRICK GARAGE LAB - ROUND BARNS,"1911 S. GOODWIN, AVE. URBANA"
OPEN FRONT CATTLE BARN,"1811 S. FOURTH ST., EXT. CHAMPAIGN"
CALF BARN,1201 W. ST. MARY'S RD. URBANA
RABBIT SHELTER,W. ST. MARY'S RD. URBANA
PLANT PEST DIAGNOSTIC CLINIC,1401 W. ST. MARY'S RD. URBANA
SWINE FINISHING - BLDG A,3502 S. FIRST ST. CHAMPAIGN
SWINE FINISHING - BLDG B,3502 S. FIRST ST. CHAMPAIGN
CAGE LAYER HOUSE,W. ST. MARY'S RD. URBANA
BROODING AND REARING HOUSE,W. ST. MARY'S RD. URBANA
ANIMAL HUSBANDRY POULTRY RES & GAR,1402 W. ST. MARY'S RD. URBANA
ANIMAL HUSBANDRY POULTY BREEDING PLT,W. ST. MARY'S RD. URBANA
DOG METABOLISM UNIT,W. ST. MARY'S RD. URBANA
SHEET METAL POULTRY SHED,W. ST. MARY'S RD. URBANA
ANIMAL HUSBANDRY POULTRY PLANT,W. ST. MARY'S RD. URBANA
ANIMAL HUSBANDRY POULTRY BARN,1301 W. GREGORY DRIVE URBANA
ALUMINUM POULTRY SHED,W. ST. MARY'S RD. URBANA
POULTRY RESEARCH LAYING FACILITY,W. ST. MARY'S RD. URBANA
GARAGE - HORTICULTURE FIELD LAB,S. ORCHARD URBANA
FOOD STOR SHED-HORT FIELD LAB,S. ORCHARD URBANA
CANINE UNIT,W. ST. MARY'S RD. URBANA
GROUNDS STORAGE BARN,2306 S. LINCOLN URBANA
STORAGE BUILDING - PELL FARM,WINDSOR RD. URBANA
POLLINATARIUM,606 W. WINDSOR RD. URBANA
HORTICULTURE FIELD RESEARCH LAB,S. LINCOLN URBANA
WOODY ORNAMENTALS GREENHOUSE,S. LINCOLN URBANA
TURF GRASS RESEARCH BLDG,LINCOLN AVE. URBANA
ANIMAL RESEARCH BARN-PHYSL RES LAB,"301 E. HAZELWOOD, DR. CHAMPAIGN"
ANIMAL GENETICS POLE BARN STORAGE,"301 E. HAZELWOOD, DR. CHAMPAIGN"
AMMUNITION STORAGE - 3 BLDGS,WINDSOR RD. CHAMPAIGN
PHYSIOLOGY RES LAB-GARAGE WEST,301 E. HAZELWOOD DR. CHAMPAIGN
PHYSIOLOGY RES LAB-GARAGE EAST,301 E. HAZELWOOD DR. CHAMPAIGN
ANIMAL SCI SUPR RESIDENCE & GARAGE,E. HAZELWOOD DR. CHAMPAIGN
MOORMAN RES FARM-SOUTH BARN,2201 S. FOURTH ST. EXT. CHAMPAIGN
MOORMAN RES FARM-GATE HOUSE,2201 S. FOURTH ST. EXT. CHAMPAIGN
MOORMAN RES FARM-NC-23,2201 S. FOURTH ST. EXT. CHAMPAIGN
MOORMAN RES FARM-BOAR BARN,2201 S. FOURTH ST. EXT. CHAMPAIGN
MOORMAN RES FARM-SOW BARN,2201 S. FOURTH ST. EXT. CHAMPAIGN
MOORMAN RES FARM-PHYSIOLOGY BARN 2,301 E. HAZELWOOD DR. CHAMPAIGN
MOORMAN RES FARM-PHYSIOLOGY BARN 1,301 E. HAZELWOOD DR. CHAMPAIGN
MOORMAN RES FARM-1A,2201 S. FOURTH ST. EXT. CHAMPAIGN
MOORMAN RES FARM-2A,2201 S. FOURTH ST. EXT. CHAMPAIGN
MOORMAN RES FARM-3A AND 4A,2201 S. FOURTH ST. EXT. CHAMPAIGN
MOORMAN RES FARM-5A,2201 S. FOURTH ST. EXT. CHAMPAIGN
MOORMAN RES FARM-FARROWING HOUSE,2201 S. FOURTH ST. EXT. CHAMPAIGN
MOORMAN RES FARM-1B,2201 S. FOURTH ST. EXT. CHAMPAIGN
MOORMAN RES FARM-2B,2201 S. FOURTH ST. EXT. CHAMPAIGN
MOORMAN RES FARM-3B,2201 S. FOURTH ST. EXT. CHAMPAIGN
MOORMAN RES FARM-4B,2201 S. FOURTH ST. EXT. CHAMPAIGN
MOORMAN RES FARM-5B,2201 S. FOURTH ST. EXT. CHAMPAIGN
MOORMAN RES FARM-OXIDATN DITCH BLDG,2201 S. FOURTH ST. EXT. CHAMPAIGN
IMPORTED SWINE RESEARCH LABORATORY,2201 S. FOURTH ST. EXT. CHAMPAIGN
MOORMAN RES FARM-1C,2201 S. FOURTH ST. EXT. CHAMPAIGN
MOORMAN RES FARM-2C AND 3C,2201 S. FOURTH ST. EXT. CHAMPAIGN
MOORMAN RES FARM-4C,2201 S. FOURTH ST. EXT. CHAMPAIGN
MOORMAN RES FARM-1D,2201 S. FOURTH ST. EXT. CHAMPAIGN
MOORMAN RES FARM-2D,2201 S. FOURTH ST. EXT. CHAMPAIGN
MOORMAN RES FARM-3D,2201 S. FOURTH ST. EXT. CHAMPAIGN
MACHINE SHED-LINCOLN AVE DAIRY,2301 S. LINCOLN URBANA
NEW CALF BARN-LINCOLN AVE DAIRY,2301 S. LINCOLN URBANA
NEW BULL BARN-LINCOLN AVE DAIRY,2301 S. LINCOLN URBANA
MATERNITY BARN-LINCOLN AVE DAIRY,2301 S. LINCOLN URBANA
GOAT BARN-LINCOLN AVE DAIRY,2301 S. LINCOLN URBANA
DAIRY HERDSMAN'S COTTAGE-L AVE DAIRY,2301 S. LINCOLN URBANA
SOUTH BARN AND CALF HOUSE-LAD,2301 S. LINCOLN URBANA
NORTH BARN AND MILK HOUSE-LAD,2301 S. LINCOLN URBANA
LOAFING BARN-DAIRY CAT MECH CTR-LAD,2301 S. LINCOLN URBANA
SHOP AND STORAGE BUILDING-LAD,2301 S. LINCOLN URBANA
'T' LOAFING BARN-LINCOLN AVE DAIRY,2301 S. LINCOLN URBANA
STORAGE SHED-SOUTH WRIGHT EXT-USDA,S. WRIGHT ST. EXT. CHAMPAIGN
AGRONOMY FIELD LABORATORY-USDA,"S. WRIGHT ST. EXT., CHAMPAIGN"
DAIRY HERDSMAN'S OFFICE-LAD,2301 S. LINCOLN URBANA
MILKING PARLOR-LINCOLN AVE DAIRY,2301 S. LINCOLN URBANA
FOOD SCIENCE DRY PROCESSING LAB,E. HAZELWOOD DR. CHAMPAIGN
HORTICULTURE BARN,LINCOLN EXTENDED URBANA
FEED MIXING BARN-LINCOLN AVE DAIRY,"2301 S. LINCOLN, URBANA"
MILKING PARLOR-LINCOLN AVE DAIRY,2301 S. LINCOLN URBANA
DAIRY FREE STALL BARN-LAD,"2301 S. LINCOLN, URBANA"
GARAGE,S. FIRST ST. CHAMPAIGN
TECHNOLOGY COMMERICIALIZATION BLDG,"2004 S. WRIGHT, EXT. URBANA"
GARAGE-SHEEP FARM,E. ST. MARY'S ROAD CHAMPAIGN
INTENSIVE CARE NURSERY,E. HAZELWOOD DR. CHAMPAIGN
SCALE HOUSE-LINCOLN AVE DAIRY,2301 S. LINCOLN URBANA
DAIRY BARN-SOUTH RACE STREET,S. RACE URBANA
CORN CRIB,S. RACE URBANA
IMPLEMENT SHED,S. RACE URBANA
FOREST SCIENCE GARAGE - S RACE ST,S. RACE URBANA
IMPLEMENT SHED-AG ENG-S RACE ST,3603 SOUTH RACE URBANA
AGRICULTURAL ENG STORAGE-S RACE ST,3603 SOUTH RACE URBANA
IMPLEMENT SHED-FOREST SCI-S RACE ST,S. RACE URBANA
MCCULLOUGH FARM HS-VET MED,S. RACE URBANA
DOWNES ANNEX,S. RACE URBANA
GARAGE-VET MED,S. RACE URBANA
SOUTHWEST BARN-VET MED-S RACE ST,S. RACE URBANA
NORTHWEST BARN-VET MED-S RACE ST,"3305 S. RACE, URBANA"
SUPERVISOR'S RESIDENCE-SWINE RES CTR,3502 S. FIRST CHAMPAIGN
VETERINARY RES FARM-FARROWING HOUSE,"S. RACE, URBANA URBANA"
GEOPHYSICAL OBSERVATORY-HSE GREIN FM,1002 W. CURTIS RD. URBANA
VETERINARY RES FARM-HOG BARN,S. RACE URBANA
VETERINARY RES FARM-POULTRY BARN,S. RACE URBANA
VETERINARY RES FARM-CLINICAL RES BAR,S. RACE URBANA
VETERINARY RES FARM-ISOLATION BLDG,S. RACE URBANA
VETERINARY RES FARM-ISOLATION BLDG,S. RACE URBANA
VETERINARY RES FARM-LOCKER ROOM BLDG,S. RACE URBANA
VETERINARY RES FARM-RADIOACTIVE R B,S. RACE URBANA
CORN CRIB,S. RACE URBANA
VETERINARY RES FARM-PATHOLOGICAL INC,S. RACE URBANA
AGRICULTURE ENGINEERING RESEARCH #1,S. LINCOLN EXT. URBANA
STRUCTURES PHYSIOLOGY LABORATORY,3305 S. RACE URBANA
FREE STALL BARN-LINCOLN AVE DAIRY,2301 S. LINCOLN URBANA
VETERINARY RES FARM-HORSE SHELTER,S. RACE URBANA
USDA SOYBEAN LABORATORY,3603 SOUTH RACE URBANA
SERVICE BUILDING - PELL FARM,WINDSOR RD. URBANA
GARAGE - PELL FARM,WINDSOR RD. URBANA
FRUIT BUILDING - PELL FARM,WINDSOR RD. URBANA
APIARY BUILDING - PELL FARM,WINDSOR RD. URBANA
MACHINE STORAGE BUILDING - PELL FARM,WINDSOR RD. URBANA
AGRICULTURE ENGINEERING RESEARCH #2,LINCOLN EXTENDED URBANA
VEGETABLE RESEARCH FARM - GARAGE,LINCOLN EXTENDED URBANA
APICULTURE CAGE HDHS-PELL FR,WINDSOR RD. URBANA
MACHINERY STORAGE BUILDING,3603 SOUTH RACE URBANA
MACHINERY STORAGE BUILDING #2,3603 SOUTH RACE URBANA
GREIN FARM - BARN,W. CURTIS ROAD URBANA
GREIN FARM-CORN CRIB,E. CURTIS RD. URBANA
GREIN FARM - STORAGE SHED 1,W. CURTIS ROAD URBANA
GREIN FARM - STORAGE SHED 2,W. CURTIS ROAD URBANA
GREIN FARM - E E STORAGE SHED,W. CURTIS ROAD URBANA
SOYBEAN DAMAGE LAB - AN ENG FARM,3603 SOUTH RACE URBANA
SOYBEAN RESEARCH - AGRONOMY FARM,1308 W. HAZELWOOD DR. URBANA
POMOLOGY STORAGE BLDG - PELL FARM,WINDSOR RD. URBANA
PHARMACOLOGY & TOXICOLOGY,S. RACE URBANA
POULTRY ISOLATION UNIT - VET RES FAR,"S. RACE, URBANA URBANA"
CONFINEMENT BEEF COW BARN,E. ST. MARY'S RD. CHAMPAIGN
DRY COW FREE - STALL BARN,2301 S. LINCOLN URBANA
HEIFER SHED - LINCOLN AVENUE DAIRY,2301 S. LINCOLN URBANA
SOLIDS SEPARATION UNIT - LAD,2301 S. LINCOLN URBANA
FREE STALL POLE BUILDING - LAD,2301 S. LINCOLN URBANA
SUPERVISOR'S RESIDENCE - BEEF,501 E. ST. MARY'S RD. CHAMPAIGN
CRUSE FARM PUMP STATION,2923 S. FIRST ST. CHAMPAIGN
NEMATOLOGY STORAGE BUILDING,WINDSOR ROAD URBANA
ACID RAIN FIELD BUILDING,S. WRIGHT EXT. CHAMPAIGN
CRUSE FARM STORAGE BUILDING,S. FIRST ST. CHAMPAIGN
VET RES FARM-DOG HOUSING UNIT,S. RACE ST. URBANA
VET RES FARM-SWINE FINISHING BLDG,3305 S. RACE ST. URBANA
VET RES FARM-SWINE FARROWING & NURSY,3305 S. RACE ST. URBANA
VET RES FARM-DOG SMALL RUMINANT BLDG,3305 S. RACE ST. URBANA
VET RES FARM-SWINE GESTATION UNIT,3305 S. RACE ST. URBANA
VET RES FARM-SERVICE BUILDING,3305 S. RACE ST. URBANA
VET RES FARM-CATTLE CONFINEMENT FAC,S. RACE ST. URBANA
VET RES FARM-HAY BARN,S. RACE ST. URBANA
BEEF COW FACILITY,2612 S. FIRST ST. CHAMPAIGN
BEEF COW FACILITY-CATTLE WKG SHLTR,"S. FOURTH ST., EXT. URBANA"
BEEF COW FACILITY-HAY STORAGE,"S. FOURTH ST., EXT. URBANA"
VEGETABLE CROPS SHOP & STOR BLDG,"2921 S. FIRST ST., CHAMPAIGN"
AGRICULTURAL/PPFM WAREHOUSE STOR A,S. WRIGHT EXT. CHAMPAIGN
ENGINEERING WAREHOUSE STOR B,"S. WRIGHT EXT., CHAMPAIGN"
ENGINEERING WAREHOUSE STOR C,1921 S. WRIGHT EXT. CHAMPAIGN
ELECTRICAL ENG STOR BLDG,2121 S. GIRIFFITH DR. CHAMPAIGN
IMPLEMENT STORAGE BLDG-LAD,S. LINCOLN URBANA
HAY STORAGE-DAIRY,S. LINCOLN URBANA
FEED LOADING-LINCOLN AVE DAIRY,2201 S. LINCOLN URBANA
LARGE HEIFER REARING-LAD,2201 S. LINCOLN URBANA
SMALL HEIFER REARING-LAD,2201 S. LINCOLN URBANA
WATER SURVEY WAREHOUSE,2107 S. GRIFFITH DR. CHAMPAIGN
AERONOMY FIELD STATION,1600E AND .7 MILES N OF 1900N URBANA
LASER - RADAR FACILITY,1600E AND .7 MILES N OF 1900N URBANA
SWINE RES CTR-GENERATOR BLDG,S. FIRST ST. CHAMPAIGN
SWINE RES CTR-HEADQUARTERS BLDG,3502 S. FIRST ST. CHAMPAIGN
SWINE RES CTR-FEED CENTER,3502 S. FIRST ST. CHAMPAIGN
SWINE RES CTR-ISOLATION BLDG,3502 S. FIRST ST. CHAMPAIGN
SWINE RES CTR-NURSERY,3502 S. FIRST ST. CHAMPAIGN
SWINE RES CTR-GROWING BLDG #1,3502 S. FIRST ST. CHAMPAIGN
SWINE RES CTR-GROWING BLDG #2,3502 S. FIRST ST. CHAMPAIGN
SWINE RES CTR-FINISHING BLDG #1,3502 S. FIRST ST. CHAMPAIGN
METAL STORAGE BUILDING,192 S. WRIGHT ST. EXT. CHAMPAIGN
ILLINI UNION WAREHOUSE,50 E. HAZELWOOD DR CHAMPAIGN
CORE STORAGE BUILDING,1901 S. OAK ST. CHAMPAIGN
O&M STORAGE BUILDING,W. HAZELWOOD DR. URBANA
AGRICULTURE STORAGE BUILDING,W. HAZELWOOD DR. URBANA
MODULAR INFECTIOUS DIS CONT BLDG #1,RACE STREET URBANA
MODULAR INFECTIOUS DIS CONT BLDG #2,RACE STREET URBANA
COMMODITIES STORAGE BUILDING,NULL URBANA
WILDLIFE BUILDING,W. HAZELWOOD DR. CHAMPAIGN
CRUSE FARM - LARGE BARN,NULL URBANA
CRUSE FARM - MASONRY GARAGE,NULL URBANA
PEST MANAGEMENT LABORATORY,1819 S. OAK ST. CHAMPAIGN
ORCHARD SOUTH APARTMENTS (2112),2112 S. ORCHARD URBANA
ORCHARD SOUTH APARTMENTS (2113),2113 HAZELWOOD URBANA
ORCHARD SOUTH APARTMENTS (2114),2114 S. ORCHARD URBANA
ORCHARD SOUTH APARTMENTS (2116),2116 S. ORCHARD URBANA
ORCHARD SOUTH APARTMENTS (2118),2118 S. ORCHARD URBANA
ORCHARD SOUTH APARTMENTS (2120),2120 S. ORCHARD URBANA
ORCHARD SOUTH APARTMENTS (2201),2201 HAZELWOOD URBANA
ORCHARD SOUTH APARTMENTS (2202),2102 S. ORCHARD URBANA
ORCHARD SOUTH APARTMENTS (2203),2203 HAZELWOOD URBANA
ORCHARD SOUTH APARTMENTS,2205 HAZELWOOD URBANA
SHEEP FARM - RESIDENCE TRALR,201   ST. MARY'S ROAD - BLDG 1059 CHAMPAIGN
HORSE RECEIVING BARN,501 E. ST. MARY'S RD. CHAMPAIGN
SWINE ISOLATION UNIT,NULL URBANA
SWINE MOBLIE HOME,811 W. CURTIS ROAD URBANA
MACHINE SHED - AN SCI,811  W. CURTIS ROAD URBANA
MACHINE STORAGE CRIB,811  W. CURTIS ROAD URBANA
PTI PAVILION,609 1/2 E. CURTIS ROAD CHAMPAIGN
POLICE TRAINING INSTITUTE-TACTICAL,609 1/2 E. CURTIS ROAD CHAMPAIGN
POLICE TRAINING TACTILE,609 1/2 E. CURTIS ROAD CHAMPAIGN
EARLY CHILD DEVELOPMENT LAB,1005 W. NEVADA URBANA
HAZELWOOD DRIVE UTILITIES CENTER,1910 S. OAK STREET CHAMPAIGN
FORBES NATURAL HISTORY BUILDING,1816 S. OAK STREET CHAMPAIGN
Z BUILDING,1901 S. FIRST ST. CHAMPAIGN
MOTOROLA BUILDING,"2001 S. FIRST, SUITE 201 CHAMPAIGN"
SWINE NURSERY TRAILER - EAST,NULL CHAMPAIGN
SWINE NURSERY TRAILER-WEST,3502  S. FIRST ST. CHAMPAIGN
PLAYFIELD FACILITY,S. WRIGHT STREET URBANA
ILLINI UNION WAREHOUSE #2,509 W. HAZELWOOD DRIVE URBANA
INSTITUTE FOR GENOMIC BIOLOGY,1206  W. GREGORY DRIVE URBANA
TECHNOLOGY PLAZA,616 E. GREEN CHAMPAIGN
WATER SURVEY MAINT. SHOP,2208 GRIFFITH DRIVE CHAMPAIGN
SOYFACE BARN,NULL URBANA
1902 FOX DRIVE,1902 FOX DRIVE CHAMPAIGN
DAIRY FREE STALL BARN,2301 S. LINCOLN URBANA
CERL-POLE BARN 11,2902 NEWMARK DR. CHAMPAIGN
HAY STORAGE BUILDING,0 S. RACE STREET URBANA
1011 W. UNIVERSITY AVE.,1011 W. UNIVERSITY AVE. URBANA
ABBOTT SCRUBBER BUILDING,21 E. ARMORY CHAMPAIGN
AERODYNAMICS RESEARCH LABORATORY,1021 W WESTERN AVENUE URBANA
NORTH CAMPUS PARKING DECK,1201 W. UNIVERSITY AVENUE URBANA
ENTERPRISE WORKS @ ILLINOIS,60 HAZELWOOD DRIVE CHAMPAIGN
OAK STREET LIBRARY FACILITY,809 S. OAK STREET CHAMPAIGN
1313 W. OLD CHURCH ROAD,1313 W. OLD CHURCH ROAD URBANA
ISGS POLE BARN WEST,2909  S LINCOLN AVENUE URBANA
WILDLIFE RESEARCH LABORATORY,1110 W CURTIS URBANA
AVIARY AC BUILDING,# 1100 - 1112 W CURTIS ROAD URBANA
PONDS SITE LABORATORY,3505 S. LINCOLN AVE. URBANA
ISGS POLE BARN EAST,2911  S LINCOLN AVENUE URBANA
Z-2 BUILDING,2001 SOURTH FIRST STREET CHAMPAIGN
WATER SURVEY RESEARCH CENTER #1,2204 S. KIRK DR. CHAMPAIGN
WATER SURVEY RESEARCH CENTER - SHED,30 BAILEY DR. CHAMPAIGN
WATER SURVEY RESEARCH CENTER #3,2208 S. KIRK DR. CHAMPAIGN
WATER SURVEY RESEARCH CENTER #4,15 BAILEY DR. CHAMPAIGN
WATER SURVEY RESEARCH CENTER #5,35 BAILEY DR. CHAMPAIGN
WATER SURVEY RESEARCH CENTER #6,65 BAILEY DR. CHAMPAIGN
WATER SURVEY RESEARCH CENTER #7,40 BAILEY DR. CHAMPAIGN
WATER SURVEY RESEARCH CENTER #8,60 BAILEY DR. CHAMPAIGN
WATER SURVEY RESEARCH CENTER #9,2210 S. KIRK DR. CHAMPAIGN
1108 W. STOUGHTON,1108 W. STOUGHTON CHAMPAIGN
CERL-MAINBUILDING 2,2902 NEWMARK DR. CHAMPAIGN
CERL-MAIN BUILDING 3,2902 NEWMARK DR. CHAMPAIGN
CERL- TESS BUILDING,2902 NEWMARK DR. CHAMPAIGN
CERL- SOLAR HOUSE 6,2902 NEWMARK DR. CHAMPAIGN
CERL- CHEMICAL STORAGE BLDG. 7,2902 NEWMARK DR. CHAMPAIGN
CERL-INCINERATOR BUILDING 8,2902 NEWMARK DRI. CHAMPAIGN
CERL- UTILITIES BUILDING 9,2902 NEWMARK DR. CHAMPAIGN
CERL- FOAM PANEL BUILDING 12,2902 NEWMARK DR. CHAMPAIGN
CERL-TESS ANNEX 13,2902 NEWMARK DR. CHAMPAIGN
CERL-GREENHOUSE,2902 NEWMARK DR. CHAMPAIGN
CERL-SOUTH HALL,2902 NEWMARK DR. CHAMPAIGN
CERL-UCHI,2902 NEWMARK DR. CHAMPAIGN
CERL-NORTH HALL,2902 NEWMARK DR. CHAMPAIGN
SCHNABEL LAB,2902 NEWMARK DR. CHAMPAIGN
CHRISTOPHER HALL,904 WEST NEVADA STREET URBANA
C-10 PARKING STRUCTURE,812 S. FIFTH CHAMPAIGN
WATER SURVEY SHOP & EQUIP. BLDG #11,2208 S. GRIFFITH DR. CHAMPAIGN
GREGORY PLACE I,701 S. GREGORY URBANA
ASIAN AMERICAN HOUSE,1210 W. NEVADA URBANA
S. FARMS-BEEF CATTLE & SHEEP FIELD LAB,4900 S. RACE STREET URBANA
S. FARMS-EQUIPMENT SHED,4900 S. RACE STREET URBANA
S. FARMS-SHEEP BARN,4900 S. RACE STREET URBANA
S. FARMS-MANURE SHED,4900 S. RACE STREET URBANA
S. FARMS-FEED MIXING,4900 S. RACE STREET URBANA
S. FARMS-BUNKERS,4900 S. RACE STREET URBANA
S. FARMS-COW PENS #1,4900 S. RACE STREET URBANA
S. FARMS-COW PENS #2,4900 S. RACE STREET URBANA
S. FARMS-CALVING-ISOLATION-WORK AREA,4900 S. RACE STREET URBANA
S. FARMS-HEIFER/BULL BARN #1,4900 S. RACE STREET URBANA
S. FARMS-HEIFER/BULL BARN #2,4900 S. RACE STREET URBANA
S. FARMS-COMMODITY SHED,4900 S. RACE STREET URBANA
S. FARMS-HAY STORAGE,4900 S. RACE STREET URBANA
S. FARMS-GROUP FEEDER BARN #1,4900 S. RACE STREET URBANA
S. FARMS-GROUP FEEDER BARN #2,4900 S. RACE STREET URBANA
S. FARMS-ISOLATION-WORK AREA,4900 S. RACE STREET URBANA
S. FARM-INDIVIDUAL FEEDER BARN #1,4900 S. RACE STREET URBANA
S. FARMS-INDIVIDUAL FEEDER BARN #2,4900 S. RACE STREET URBANA
S. FARMS-METABOLISM,4900 S. RACE STREET URBANA
BEE RESEARCH FACILITY,3515 SOUTH LINCOLN AVENUE URBANA
MOTORCYCLE STORAGE,GERTY DRIVE CHAMPAIGN
LINCOLN AVENUE EAST GEOL SURV WHSE,4900 S. RACE STREET URBANA
LINCOLN AVENUE WEST GEOL SURV WHSE,4900 S. RACE STREET URBANA
EXPOSURE REDUCTION HOUSING UNIT TRAILER A,4900 S. RACE STREET URBANA
EXPOSURE REDUCTION HOUSING UNIT TRAILER B,4900 S. RACE STREET URBANA
FSI - HAZMAT STORAGE BUILDING,11 EAST GERTY DRIVE CHAMPAIGN
FSI - STORAGE BUILDING,11 EAST GERTY DRIVE CHAMPAIGN
FSI - FIRE APPARATUS STORAGE BUILDING,11 EAST GERTY DRIVE CHAMPAIGN
FSI - TWO STORY BURN BUILDING,11 EAST GERTY DRIVE CHAMPAIGN
FSI - RESIDENTIAL BURN BUILDING,11 EAST GERTY DRIVE CHAMPAIGN
FIRE SERVICE INSTITUTE - RTC PROP,11 EAST GERTY DRIVE CHAMPAIGN
FSI - FILTER HOUSE,11 EAST GERTY DRIVE CHAMPAIGN
FSI - SOUTH STORAGE BUILDING,11 EAST GERTY DRIVE CHAMPAIGN
FIRE SERVICE INSTITUTE - PROPS,11  E GERTY DR CHAMPAIGN
FSI - ARSON TRAINING LABORATORY A,11 EAST GERTY DRIVE CHAMPAIGN
FSI - ARSON TRAINING LABORATORY B,11 EAST GERTY DRIVE CHAMPAIGN
FSI - ARSON TRAINING LABORATORY C,11 EAST GERTY DRIVE CHAMPAIGN
FSI - ARSON TRAINING LABORATORY D,11 EAST GERTY DRIVE CHAMPAIGN
INDOOR GOLF FACILITY,1415 W. ST. MARY'S ROAD URBANA
305 E. CURTIS ROAD,305 E. CURTIS ROAD URBANA
"305 E. CURTIS, POLE SHED",305  E. CURTIS URBANA
"300 SOUTH BROADWAY, SUITE 152, URBANA","300 SOUTH BROADWAY, SUITE 152 URBANA"
201 INDUSTRIAL DRIVE,201 INDUSTRIAL DRIVE URBANA
1112 W. UNIVERSITY AVE,1112  W. UNIVERSITY AVE. URBANA
YMCA,1001 S. WRIGHT ST. CHAMPAIGN
"1114 CR, 1200 E",NULL CHAMPAIGN
BUSINESS INSTRUCTIONAL FACILITY,515 GREGORY DRIVE CHAMPAIGN
"528 E GREEN, CHAMPAIGN",528 E. GREEN CHAMPAIGN
"505 E. CHALMERS, CHAMPAIGN",505  E. CHALMERS CHAMPAIGN
ENGINEERING STUDENT PROJECT LABORATORY,1023 W. WESTERN AVENUE URBANA
Z-3 BUILDING,1210-2021 S. FIRST STREET CHAMPAIGN
TECH DEV.& FAB. CENTER,1211-2111 S. OAK ST. CHAMPAIGN
SPEECH LANGUAGE PATHOLOGY CLINIC,2001 S. OAK CHAMPAIGN
CONFERENCE CENTER,111 ST. MARY'S ROAD CHAMPAIGN
IHOTEL,1802 S. FIRST STREET CHAMPAIGN
POULTRY CAGE HOUSE #3,4513 S. RACE ST. URBANA
ASHTON WOODS APARTMENTS OFFICE,2221 S. FIRST STREET CHAMPAIGN
ASHTON WOODS APARTMENTS,2301 S. FIRST STREET CHAMPAIGN
ASHTON WOODS APARTMENTS,2303 S. FIRST STREET CHAMPAIGN
ASHTON WOODS APARTMENTS,2305 S. FIRST STREET CHAMPAIGN
ASHTON WOODS APARTMENTS,2307 S. FIRST STREET CHAMPAIGN
ASHTON WOODS APARTMENTS,2309 S. FIRST STREET CHAMPAIGN
ASHTON WOODS APARTMENTS,2215 S. FIRST STREET CHAMPAIGN
ASHTON WOODS APARTMENTS,2217 S. FIRST STREET CHAMPAIGN
ASHTON WOODS APARTMENTS,2219 S. FIRST STREET CHAMPAIGN
ASHTON WOODS APARTMENTS,2311 S. FIRST STREET CHAMPAIGN
ASHTON WOODS APARTMENTS,2313 S. FIRST STREET CHAMPAIGN
ASHTON WOODS APARTMENTS,2315 S. FIRST STREET CHAMPAIGN
ASHTON WOODS APARTMENTS,2317 S. FIRST STREET CHAMPAIGN
ASHTON WOODS APARTMENTS,2319 S. FIRST STREET CHAMPAIGN
SHELFORD VIVARIUM GREENHOUSE,608 E. HEALEY CHAMPAIGN
POULTRY SPECIALIZED RESEARCH #2,4513 S. RACE STREET URBANA
POULTRY HATCHERY #1,4513 S. RACE STREET URBANA
POULTRY GROWER HOUSE #4,4513 S. RACE STREET URBANA
POULTRY BREEDER HOUSE #5,4513 S. RACE STREET URBANA
POULTRY ROOSTER HOUSE,4513 S. RACE STREET URBANA
GREGORY PLACE II,1010 W. NEVADA URBANA
ENERGY BIOSCIENCE - METAL SHED,4301 S. PHILO ROAD URBANA
NATIONAL PETASCALE COMPUTING FACILITY,1244-1725 S. OAK STREET CHAMPAIGN
STUDENT DINING AND RESIDENTIAL PROGRAMS BUILDING,301 E. GREGORY DRIVE CHAMPAIGN
TIMOTHY J. NUGENT HALL,207 E. GREGORY DRIVE CHAMPAIGN
FRUIT RESEARCH FARM - ADMIN. BLDG.,2711 S. RACE STREET CHAMPAIGN
FRUIT RESEARCH FARM - EQUIPMENT STORAGE,1031 W. GREGORY DRIVE URBANA
FRUIT RESEARCH FARM - CHEMICAL STORAGE,1301 W. GREGORY DRIVE URBANA
FSI - LEARNING RESOURCE RESEARCH CENTER,25 GERTY DRIVE CHAMPAIGN
507 E. GREEN,507 E. GREEN CHAMPAIGN
MCFARLAND CARILLON,1401  W. LOREDO TAFT DRIVE URBANA
703 S. WRIGHT,703  S. WRIGHT CHAMPAIGN
901 W. UNIVERSITY,901 W. UNIVERSITY URBANA
EBI FARM SHED SOUTH FARMS,4110 S. RACE URBANA
ROBERT A. EVERS LABORATORY,1909  S. OAK STREET CHAMPAIGN
EICHELBERGER FIELD - CONCESSIONS,1201 W. FLORIDA AVE. URBANA
EICHELBERGER FIELD - LOCKER ROOM,1201 W. FLORIDA AVE. URBANA
704 S. NEIL,704 S. NEIL CHAMPAIGN
UNIT 2252,2202 N. MARKET CHAMPAIGN
SPACE CC-8,1408 W. ANTHONY DRIVE URBANA
SWINE ISOLATION - LL BUILDING,811 W. CURTIS RD URBANA
SWINE ISOLATION - QUAD PLEX,811 W. CURTIS RD URBANA
SWINE ISOLATION - OLD CORN CRIB,811 W. CURTIS RD URBANA
LL NURSERY,3502 S. FIRST ST. CHAMPAIGN
SWINE RESEARCH CENTER - N14 STORAGE SHED,3502 S. FIRST ST. CHAMPAIGN
ILLINOIS FEILD - CONCESSIONS,FLORIDA AVENUE AND WRIGHT STREET URBANA
ILLINOIS FIELD - LOCKER ROOM,FLORIDA AVENUE AND WRIGHT STREET URBANA
ILLINOIS FIELD VISITOR'S LOCKER,1605 S. WRIGHT ST. CHAMPAIGN
LITTELFUSE RESEARCH CENTER,2110 S. OAK ST. CHAMPAIGN
RACE ST. FARMSTEAD - FARMHOUSE,4514 S. RACE ST. URBANA
RACE ST. FARMSTEAD - LARGE SHED,4514 S. RACE ST. URBANA
RACE ST. FARMSTEAD - SMALL SHED,4514 S. RACE ST. URBANA
RACE ST. FARMSTEAD - GRAIN BINS,4514 S. RACE ST. URBANA
BIOMASS DRYING OPEN SHED,4110  S. RACE STREET URBANA
LITTELFUSE RESEARCH CENTER GENERATOR BUILDING,2110 S. OAK STREET CHAMPAIGN
GABLE HOME,1900 S. FIRST STREET CHAMPAIGN
FRUIT RESEARCH FARM - PESTICIDE STORAGE UNIT 1,2711 S. RACE STREET URBANA
FRUIT RESEARCH FARM - PESTICIDE STORAGE UNIT 2,2711 S. RACE STREET URBANA
FSI - STRIP MALL BURN PROP / STREETSCAPE TRAINING PROP,11 EAST GERTY DRIVE CHAMPAIGN
CMS STATE GARAGE,201 EISNER ROAD CHAMPAIGN
CROP SCIENCES RESEARCH AND EDUCATION CENTER - MAIN BUILDING,1205 COUNTY ROAD 1200N CHAMPAIGN
"PROVENA MEDICAL OFFICE BUILDING, SUITE 207",1405 W. PARK ST. URBANA
FSI - INDUSTRIAL TRAINING PROP,11 EAST GERTY DRIVE CHAMPAIGN
FSI - TRENCH TRAINING PROP,11 EAST GERTY DRIVE CHAMPAIGN
FSI - RAILROAD PROP,11 EAST GERTY DRIVE CHAMPAIGN
FSI - GRAIN BIN PROP,11 EAST GERTY DRIVE CHAMPAIGN
FSI - HEAVY COLLAPSE PILE,11 EAST GERTY DRIVE CHAMPAIGN
FSI - COLLAPSE BASE OF OPERATIONS,11 EAST GERTY DRIVE CHAMPAIGN
SOYFACE QUONSET,NULL URBANA
SOYFACE TRAILER,NULL URBANA
BROWNFIELD WOODS,N HIGH CROSS ROAD URBANA
116 N. WALNUT ST.,116 N. WALNUT ST. CHAMPAIGN
509 W UNIVERSITY AVE,509 W UNIVERSITY AVE URBANA
EBI FARM GREENHOUSE SOUTH FARMS,4110 S. RACE URBANA
TECHNICAL DEVELOPMENT AND FABRICATION CENTER III,210 HAZELWOOD DRIVE CHAMPAIGN
LINCOLN COMMERCE CENTER,726-732 KILLARNEY URBANA
"SOLAR DECATHLON HOUSE ""RE_HOME"" 2011",3605 S. RACE STREET URBANA
PTI-CONTROL BOOTH,609 1/2 E. CURTIS ROAD CHAMPAIGN
512 E GREEN - 4TH FLOOR,512 E GREEN CHAMPAIGN
EBI SITE OFFICE,4301 S. PHILO ROAD URBANA
EBI CORN CRIB,4301 S. PHILO ROAD URBANA
AERONOMY SHED,1600E AND .7 MILES N OF 1900N URBANA
AERONOMY POLE BARN,1600E AND .7 MILES N OF 1900N URBANA
CENTER FOR WOUNDED VETERANS IN HIGHER EDUCATION,908 W. NEVADA URBANA
"1203 W OREGON, URBANA -GROUNDS SHED",1203 W. OREGON URBANA
1110 W. STOUGHTON,1110 W. STOUGHTON CHAMPAIGN
INFORMATION CENTERS,MULTIPLE LOCATIONS CHAMPAIGN
Swine Research Center  Swine Calorimeter Unit,3502 S. First Street CHAMPAIGN
YAHOO BUILDING - Z-4,1908 S. FIRST CHAMPAIGN
" Main Building 4, UIUC  CERL", 2902 Newmark Drive CHAMPAIGN
PIGLET NUTRITION AND COGNITION LAB,4900 S. RACE ST. URBANA
CERL  Plant/Soil Response Facility,2902 Newmark Drive CHAMPAIGN
I-CYT,2105-2100 S. OAK ST. CHAMPAIGN
FLORIDA AVENUE APARTMENTS,1205 E. FLORIDA AVE. URBANA
COMPOSTING SITE,S. RACE STREET URBANA
COUNTY PLAZA, 102 E. MAIN ST. URBANA
CHEMICAL & LIFE SCIENCES LABORATORY CHILLER PLANT,601 S. GOODWIN URBANA
OAK STREET CHILLER PLANT,1305 S. OAK STREET CHAMPAIGN
ABBOTT MOAB TRAILER - EAST,1501 S. OAK STREET CHAMPAIGN
TES PUMP HOUSE,1705 S. OAK ST. CHAMPAIGN
ABBOTT ELECTROSTATIC PRECIPITATORS BUILDING,1117 S. OAK CHAMPAIGN
ABBOTT TRACTOR HOUSE,1117 S. OAK CHAMPAIGN
ABBOTT BLOWER BUILDING,1117 S. OAK CHAMPAIGN
ABBOTT BLUE TANK BUILDING,1117 S. OAK CHAMPAIGN
ABBOTT REVERSE OSMOSIS BUILDING,1117 S. OAK CHAMPAIGN
ABBOTT ASH SILO,1117 S. OAK CHAMPAIGN
ABBOTT CEM SHACK,1117 S. OAK CHAMPAIGN
ABBOTT CRUSHER HOUSE,1117 S. OAK CHAMPAIGN
ABBOTT THAW HOUSE,1117 S. OAK CHAMPAIGN
ABBOTT FILTER PRESS BUILDING,1117 S. OAK CHAMPAIGN
ABBOTT MOAB TRAILER - WEST,1501 S. OAK STREET CHAMPAIGN
